{
  "type": "create:mixing",
  "ingredients": [
    {
      "item": "minecraft:netherrack"
    },
    {
      "item": "create:experience_nugget"
    },
    {
      "item": "create:experience_nugget"
    },
    {
      "item": "create:experience_nugget"
    },
    {
      "item": "create:experience_nugget"
    },
    {
      "item": "create:experience_nugget"
    },
    {
      "item": "create:experience_nugget"
    },
    {
      "item": "create:experience_nugget"
    },
    {
      "item": "create:experience_nugget"
    },
    {
      "amount": 20250,
      "fluid": "minecraft:lava",
      "nbt": {}
    }
  ],
  "results": [
    {
      "item": "create:crimsite",
      "count": 1
    }
  ]
}