{
	"display": {
		"icon": {
			"item": "minecraft:sea_pickle"
		},
		"title": {"translate":"One Pickle, Two Pickle, Sea Pickle, Four"},
		"description": {"color":"green","translate":"Place four sea pickles in a group underwater"},
		"announce_to_chat": "true"
	},
	"parent": "blazeandcave:building/halloween",
	"rewards": {
		"function": "bc_rewards:building/one_pickle_two_pickle_sea_pickle_four"
	},
	"criteria": {
		"sea_pickle": {
			"trigger": "minecraft:item_used_on_block",
			"conditions": {
				"location": {
					"block": {
						"blocks": [
							"minecraft:sea_pickle"
						],
						"state": {
							"pickles": 4,
							"waterlogged": true
						}
					}
				},
				"item": {
					"items": [
						"minecraft:sea_pickle"
					]
				}
			}
		}
	}
}