{
	"display": {
		"icon": {
			"item": "minecraft:torch"
		},
		"title": {"translate":"Torched!"},
		"description": {"color":"green","translate":"Light up the area with some torches"},
		"announce_to_chat": "true"
	},
	"parent": "blazeandcave:building/stationary_storage",
	"rewards": {
		"function": "bc_rewards:building/torched"
	},		
	"criteria": {
		"torch": {
			"trigger": "minecraft:placed_block",
			"conditions": {
				"block": "minecraft:torch"
			}
		},
		"wall_torch": {
			"trigger": "minecraft:placed_block",
			"conditions": {
				"block": "minecraft:wall_torch"
			}
		}
	},
	"requirements": [
		[
		"torch",
		"wall_torch"
		]
	]
}