{
  "type": "create:compacting",
  "heatRequirement": "superheated",
  "ingredients": [
    {
      "item": "minecraft:red_nether_bricks"
    },
    {
      "item": "minecraft:red_nether_bricks"
    },
    {
      "item": "minecraft:red_nether_bricks"
    },
    {
      "item": "minecraft:red_nether_bricks"
    },
    {
      "item": "minecraft:red_nether_bricks"
    },
    {
      "item": "minecraft:red_nether_bricks"
    },
    {
      "item": "minecraft:red_nether_bricks"
    },
    {
      "item": "minecraft:red_nether_bricks"
    },
    {
      "item": "minecraft:gold_block"
    }
  ],
  "results": [
    {
      "item": "minecraft:ancient_debris",
      "count": 1
    }
  ]
}