{
  "type": "create:compacting",
  "heatRequirement": "superheated",
  "ingredients": [
    {
      "item": "minecraft:coal_block"
    },
    {
      "item": "minecraft:coal_block"
    },
    {
      "item": "minecraft:coal_block"
    },
    {
      "item": "minecraft:coal_block"
    },
    {
      "item": "minecraft:coal_block"
    },
    {
      "item": "minecraft:coal_block"
    },
    {
      "item": "minecraft:coal_block"
    },
    {
      "item": "minecraft:coal_block"
    },
    {
      "item": "minecraft:coal_block"
    }
  ],
  "results": [
    {
      "item": "minecraft:diamond",
      "count": 1
    }
  ]
}