{
	"display": {
		"icon": {
			"item": "minecraft:diamond_horse_armor"
		},
		"title": {"translate":"A Horse in Shining Armor"},
		"description": {"color":"green","translate":"Find diamond horse armor"},
		"announce_to_chat": "true"
	},
	"parent": "blazeandcave:animal/foal_play",
	"rewards": {
		"function": "bc_rewards:animal/a_horse_in_shining_armor"
	},		
	"criteria": {
		"diamond_horse_armor": {
			"trigger": "minecraft:inventory_changed",
			"conditions": {
				"items": [
					{
						"items": [
							"minecraft:diamond_horse_armor"
						]
					}
				]
			}
		}
	}
}