{
  "type": "create:mixing",
  "ingredients": [
    {
      "item": "minecraft:sandstone"
    },
    {
      "item": "create:experience_nugget"
    },
    {
      "item": "create:experience_nugget"
    },
    {
      "item": "create:experience_nugget"
    },
    {
      "item": "create:experience_nugget"
    },
    {
      "item": "create:experience_nugget"
    },
    {
      "item": "create:experience_nugget"
    },
    {
      "item": "create:experience_nugget"
    },
    {
      "item": "create:experience_nugget"
    },
    {
      "amount": 250,
      "fluid": "minecraft:lava",
      "nbt": {}
    }
  ],
  "results": [
    {
      "item": "create:ochrum",
      "count": 1
    }
  ]
}