{
	"display": {
		"icon": {
			"item": "minecraft:potato"
		},
		"title": {"translate":"In Your Face, Neil Armstrong"},
		"description": {"color":"green","translate":"Colonise the End with potato crops"},
		"announce_to_chat": "true"
	},
	"parent": "blazeandcave:end/extrabiologist",
	"rewards": {
		"function": "bc_rewards:end/in_your_face_neil_armstrong"
	},		
	"criteria": {
		"potato": {
			"trigger": "minecraft:placed_block",
			"conditions": {
				"block": "minecraft:potatoes",
				"location": {
					"dimension": "the_end"
				}
			}
		}
	}
}