{
	"display": {
		"icon": {
			"item": "minecraft:purple_shulker_box"
		},
		"title": {"translate":"Portable Storage"},
		"description": {"color":"green","translate":"Use shulker shells to craft a shulker box"},
		"announce_to_chat": "true"
	},
	"parent": "blazeandcave:end/for_mother_clarence",
	"rewards": {
		"function": "bc_rewards:end/portable_storage"
	},	
	"criteria": {
		"shulker_box": {
			"trigger": "minecraft:inventory_changed",
			"conditions": {
				"items": [
					{
						"tag": "minecraft:shulker_boxes"
					}
				]
			}
		}
	}
}