{
	"display": {
		"icon": {
			"item": "minecraft:dragon_head"
		},
		"title": {"translate":"Ring of the End"},
		"description": {"color":"dark_purple","translate":"Defeat the Ender Dragon 20 times"},
		"announce_to_chat": "true",
		"frame": "challenge"
	},
	"parent": "blazeandcave:end/what_for",
	"rewards": {
		"function": "bc_rewards:end/ring_of_the_end"
	},		
	"criteria": {
		"ring_of_the_end": {
			"trigger": "minecraft:location",
			"conditions": {
				"player":  {
					"type_specific": {
						"type": "player",
						"stats": [
							{
								"type": "minecraft:killed",
								"stat": "minecraft:ender_dragon",
								"value": {
									"min": 20
								}
							}
						]
					}
				}
			}
		}
	}
}