{
	"display": {
		"icon": {
			"item": "minecraft:end_crystal"
		},
		"title": {"translate":"The Start of Something"},
		"description": {"color":"green","translate":"Craft your first ender crystal"},
		"announce_to_chat": "true"
	},
	"parent": "minecraft:end/dragon_egg",
	"rewards": {
		"function": "bc_rewards:end/the_start_of_something"
	},	
	"criteria": {
		"end_crystal": {
			"trigger": "minecraft:inventory_changed",
			"conditions": {
				"items": [
					{
						"items": [
							"minecraft:end_crystal"
						]
					}
				]
			}
		}
	}
}