{
	"display": {
		"icon": {
			"item": "minecraft:crimson_nylium"
		},
		"title": {"translate":"Unending Hell"},
		"description": {"color":"#75E1FF","translate":"Travel directly from the End to the Nether"},
		"announce_to_chat": "true",
		"frame": "goal"
	},
	"parent": "blazeandcave:end/void_walker",
	"rewards": {
		"function": "bc_rewards:end/unending_hell"
	},	
	"criteria": {
		"unending_hell": {
			"trigger": "minecraft:location",
			"conditions": {
				"player": [
					{
						"condition": "minecraft:entity_properties",
						"entity": "this",
						"predicate": {
							"location": {
								"dimension": "minecraft:the_nether"
							},
							"type_specific": {
								"type": "player",
								"advancements": {
									"blazeandcave:technical/unending_hell_end": "true"
								}
							}
						}
					},
					{
						"condition": "minecraft:inverted",
						"term": {
							"condition": "minecraft:entity_properties",
							"entity": "this",
							"predicate": {
								"type_specific": {
									"type": "player",
									"gamemode": "spectator"
								}
							}
						}
					}
				]
			}
		}
	}
}