{
	"credit": "End_Rage waz here",
	"textures": {
		"2": "vs_eureka:block/brass_shaft",
		"3": "vs_eureka:block/wheels/ship_wheel",
		"4": "vs_eureka:block/bases/warped_ship_base",
		"5": "create:block/pulley_rope",
		"particle": "create:block/pulley_rope"
	},
	"elements": [
		{
			"name": "coil",
			"from": [5, 7, 7],
			"to": [11, 13, 13],
			"rotation": {"angle": -45, "axis": "z", "origin": [8, 10, 7.57951]},
			"faces": {
				"east": {"uv": [5, 1, 11, 7], "texture": "#5"},
				"west": {"uv": [5, 1, 11, 7], "texture": "#5"},
				"up": {"uv": [5, 1, 11, 7], "rotation": 90, "texture": "#5"},
				"down": {"uv": [5, 1, 11, 7], "rotation": 90, "texture": "#5"}
			}
		},
		{
			"name": "coil",
			"from": [4.5, 6.5, 10],
			"to": [11.5, 13.5, 12],
			"rotation": {"angle": -45, "axis": "z", "origin": [8, 10, 9.57951]},
			"faces": {
				"north": {"uv": [0, 0, 7, 7], "texture": "#5"},
				"east": {"uv": [0, 0, 2, 7], "texture": "#5"},
				"south": {"uv": [0, 0, 7, 7], "texture": "#5"},
				"west": {"uv": [0, 0, 2, 7], "rotation": 180, "texture": "#5"},
				"up": {"uv": [0, 0, 2, 7], "rotation": 90, "texture": "#5"},
				"down": {"uv": [0, 0, 2, 7], "rotation": 90, "texture": "#5"}
			}
		},
		{
			"name": "coil",
			"from": [4.5, 6.5, 8],
			"to": [11.5, 13.5, 10],
			"rotation": {"angle": -45, "axis": "z", "origin": [8, 10, 7.57951]},
			"faces": {
				"north": {"uv": [7, 10, 0, 3], "rotation": 90, "texture": "#5"},
				"east": {"uv": [0, 3, 2, 10], "rotation": 180, "texture": "#5"},
				"south": {"uv": [7, 10, 0, 3], "rotation": 270, "texture": "#5"},
				"west": {"uv": [0, 3, 2, 10], "rotation": 180, "texture": "#5"},
				"up": {"uv": [0, 3, 2, 10], "rotation": 270, "texture": "#5"},
				"down": {"uv": [0, 3, 2, 10], "rotation": 90, "texture": "#5"}
			}
		},
		{
			"name": "WheelMid",
			"from": [5.5, 7.5, 3.01148],
			"to": [10.5, 12.5, 7.01148],
			"rotation": {"angle": 0, "axis": "y", "origin": [8, 10, 8.25]},
			"faces": {
				"north": {"uv": [0, 0, 5, 5], "rotation": 180, "texture": "#3"},
				"east": {"uv": [0, 12, 5, 16], "rotation": 270, "texture": "#3"},
				"south": {"uv": [0, 0, 5, 5], "rotation": 180, "texture": "#3"},
				"west": {"uv": [0, 12, 5, 16], "rotation": 90, "texture": "#3"},
				"up": {"uv": [0, 12, 5, 16], "rotation": 180, "texture": "#3"},
				"down": {"uv": [0, 12, 5, 16], "texture": "#3"}
			}
		},
		{
			"name": "WheelNorth",
			"from": [5, 3, 3.51148],
			"to": [11, 5.2, 6.51148],
			"rotation": {"angle": 0, "axis": "y", "origin": [8, 10, 8.25]},
			"faces": {
				"north": {"uv": [5, 0, 11, 2], "rotation": 180, "texture": "#3"},
				"east": {"uv": [9, 4, 10, 5], "rotation": 180, "texture": "#3"},
				"south": {"uv": [5, 0, 11, 2], "rotation": 180, "texture": "#3"},
				"west": {"uv": [9, 4, 10, 5], "rotation": 270, "texture": "#3"},
				"up": {"uv": [5, 5, 11, 8], "texture": "#3"},
				"down": {"uv": [5, 2, 11, 5], "texture": "#3"}
			}
		},
		{
			"name": "WheelNorthEast",
			"from": [0.92893, 7.17158, 3.61148],
			"to": [2.92893, 12.82843, 6.41148],
			"rotation": {"angle": 45, "axis": "z", "origin": [8, 10, 8.25]},
			"faces": {
				"north": {"uv": [5, 0, 11, 2], "rotation": 90, "texture": "#3"},
				"east": {"uv": [5, 5, 11, 8], "rotation": 90, "texture": "#3"},
				"south": {"uv": [5, 0, 11, 2], "rotation": 270, "texture": "#3"},
				"west": {"uv": [5, 2, 11, 5], "rotation": 90, "texture": "#3"}
			}
		},
		{
			"name": "WheelEast",
			"from": [5, 14.8, 3.51148],
			"to": [11, 17, 6.51148],
			"rotation": {"angle": 0, "axis": "y", "origin": [8, 10, 8.25]},
			"faces": {
				"north": {"uv": [5, 0, 11, 2], "texture": "#3"},
				"east": {"uv": [9, 4, 10, 5], "rotation": 90, "texture": "#3"},
				"south": {"uv": [5, 0, 11, 2], "texture": "#3"},
				"west": {"uv": [9, 4, 10, 5], "texture": "#3"},
				"up": {"uv": [5, 2, 11, 5], "rotation": 180, "texture": "#3"},
				"down": {"uv": [5, 5, 11, 8], "rotation": 180, "texture": "#3"}
			}
		},
		{
			"name": "WheelSouthEast",
			"from": [0.92893, 7.17157, 3.61148],
			"to": [2.92893, 12.82842, 6.41148],
			"rotation": {"angle": -45, "axis": "z", "origin": [8, 10, 8.25]},
			"faces": {
				"north": {"uv": [11, 0, 5, 2], "rotation": 90, "texture": "#3"},
				"east": {"uv": [11, 5, 5, 8], "rotation": 90, "texture": "#3"},
				"south": {"uv": [11, 0, 5, 2], "rotation": 270, "texture": "#3"},
				"west": {"uv": [11, 2, 5, 5], "rotation": 90, "texture": "#3"}
			}
		},
		{
			"name": "WheelSouth",
			"from": [1, 7, 3.51148],
			"to": [3.2, 13, 6.51148],
			"rotation": {"angle": 0, "axis": "y", "origin": [8, 10, 8.25]},
			"faces": {
				"north": {"uv": [5, 0, 11, 2], "rotation": 90, "texture": "#3"},
				"east": {"uv": [5, 5, 11, 8], "rotation": 90, "texture": "#3"},
				"south": {"uv": [5, 0, 11, 2], "rotation": 270, "texture": "#3"},
				"west": {"uv": [5, 2, 11, 5], "rotation": 90, "texture": "#3"},
				"up": {"uv": [9, 4, 10, 5], "texture": "#3"},
				"down": {"uv": [9, 4, 10, 5], "rotation": 270, "texture": "#3"}
			}
		},
		{
			"name": "WheelSouthWest",
			"from": [13.07107, 7.17157, 3.61148],
			"to": [15.07107, 12.82842, 6.41148],
			"rotation": {"angle": 45, "axis": "z", "origin": [8, 10, 8.25]},
			"faces": {
				"north": {"uv": [11, 2, 5, 0], "rotation": 90, "texture": "#3"},
				"east": {"uv": [5, 2, 11, 5], "rotation": 270, "texture": "#3"},
				"south": {"uv": [11, 2, 5, 0], "rotation": 270, "texture": "#3"},
				"west": {"uv": [5, 5, 11, 8], "rotation": 270, "texture": "#3"}
			}
		},
		{
			"name": "WheelWest",
			"from": [12.8, 7, 3.51148],
			"to": [15, 13, 6.51148],
			"rotation": {"angle": 0, "axis": "y", "origin": [8, 10, 8.25]},
			"faces": {
				"north": {"uv": [5, 0, 11, 2], "rotation": 270, "texture": "#3"},
				"east": {"uv": [5, 2, 11, 5], "rotation": 270, "texture": "#3"},
				"south": {"uv": [5, 0, 11, 2], "rotation": 90, "texture": "#3"},
				"west": {"uv": [5, 5, 11, 8], "rotation": 270, "texture": "#3"},
				"up": {"uv": [9, 4, 10, 5], "rotation": 90, "texture": "#3"},
				"down": {"uv": [9, 4, 10, 5], "rotation": 180, "texture": "#3"}
			}
		},
		{
			"name": "WheelNorthWest",
			"from": [13.07107, 7.17158, 3.61148],
			"to": [15.07107, 12.82843, 6.41148],
			"rotation": {"angle": -45, "axis": "z", "origin": [8, 10, 8.25]},
			"faces": {
				"north": {"uv": [5, 2, 11, 0], "rotation": 90, "texture": "#3"},
				"east": {"uv": [11, 2, 5, 5], "rotation": 270, "texture": "#3"},
				"south": {"uv": [5, 2, 11, 0], "rotation": 270, "texture": "#3"},
				"west": {"uv": [11, 5, 5, 8], "rotation": 270, "texture": "#3"}
			}
		},
		{
			"from": [7, 0.5, 4.01149],
			"to": [9, 7.5, 6.01149],
			"rotation": {"angle": 0, "axis": "y", "origin": [8, 10, 8.25]},
			"faces": {
				"north": {"uv": [11, 11, 13, 4], "rotation": 180, "texture": "#3"},
				"east": {"uv": [11, 11, 13, 4], "rotation": 180, "texture": "#3"},
				"south": {"uv": [11, 11, 13, 4], "rotation": 180, "texture": "#3"},
				"west": {"uv": [11, 11, 13, 4], "rotation": 180, "texture": "#3"},
				"down": {"uv": [9, 7, 11, 9], "rotation": 180, "texture": "#3"}
			}
		},
		{
			"name": "Nubbin",
			"from": [6, 8, 0],
			"to": [10, 12, 16],
			"rotation": {"angle": -45, "axis": "z", "origin": [8, 10, 8]},
			"faces": {
				"north": {"uv": [4, 4, 0, 8], "texture": "#2"},
				"east": {"uv": [16, 0, 0, 4], "texture": "#2"},
				"south": {"uv": [4, 4, 0, 8], "texture": "#2"},
				"west": {"uv": [16, 0, 0, 4], "texture": "#2"},
				"up": {"uv": [16, 4, 0, 0], "rotation": 90, "texture": "#2"},
				"down": {"uv": [16, 0, 0, 4], "rotation": 90, "texture": "#2"}
			}
		},
		{
			"from": [7, 12.5, 4.01149],
			"to": [9, 19.5, 6.01149],
			"rotation": {"angle": 0, "axis": "y", "origin": [8, 10, 8.25]},
			"faces": {
				"north": {"uv": [13, 11, 15, 4], "texture": "#3"},
				"east": {"uv": [13, 11, 15, 4], "texture": "#3"},
				"south": {"uv": [13, 11, 15, 4], "texture": "#3"},
				"west": {"uv": [13, 11, 15, 4], "texture": "#3"},
				"up": {"uv": [9, 7, 11, 9], "texture": "#3"}
			}
		},
		{
			"from": [10.5, 9, 4.01149],
			"to": [17.5, 11, 6.01149],
			"rotation": {"angle": -45, "axis": "z", "origin": [8, 10, 8.25]},
			"faces": {
				"north": {"uv": [11, 11, 13, 4], "rotation": 270, "texture": "#3"},
				"east": {"uv": [11, 4, 13, 6], "rotation": 90, "texture": "#3"},
				"south": {"uv": [11, 11, 13, 4], "rotation": 90, "texture": "#3"},
				"up": {"uv": [11, 11, 13, 4], "rotation": 90, "texture": "#3"},
				"down": {"uv": [11, 11, 13, 4], "rotation": 90, "texture": "#3"}
			}
		},
		{
			"from": [-1.5, 9, 4.01149],
			"to": [5.5, 11, 6.01149],
			"rotation": {"angle": -45, "axis": "z", "origin": [8, 10, 8.25]},
			"faces": {
				"north": {"uv": [11, 11, 13, 4], "rotation": 90, "texture": "#3"},
				"south": {"uv": [11, 11, 13, 4], "rotation": 270, "texture": "#3"},
				"west": {"uv": [9, 7, 11, 9], "rotation": 270, "texture": "#3"},
				"up": {"uv": [11, 11, 13, 4], "rotation": 270, "texture": "#3"},
				"down": {"uv": [11, 11, 13, 4], "rotation": 270, "texture": "#3"}
			}
		},
		{
			"from": [10.5, 9, 4.01149],
			"to": [17.5, 11, 6.01149],
			"rotation": {"angle": 45, "axis": "z", "origin": [8, 10, 8.25]},
			"faces": {
				"north": {"uv": [11, 11, 13, 4], "rotation": 270, "texture": "#3"},
				"east": {"uv": [11, 4, 13, 6], "rotation": 90, "texture": "#3"},
				"south": {"uv": [11, 11, 13, 4], "rotation": 90, "texture": "#3"},
				"up": {"uv": [11, 11, 13, 4], "rotation": 90, "texture": "#3"},
				"down": {"uv": [11, 11, 13, 4], "rotation": 90, "texture": "#3"}
			}
		},
		{
			"from": [-1.5, 9, 4.01149],
			"to": [5.5, 11, 6.01149],
			"rotation": {"angle": 45, "axis": "z", "origin": [8, 10, 8.25]},
			"faces": {
				"north": {"uv": [11, 11, 13, 4], "rotation": 90, "texture": "#3"},
				"south": {"uv": [11, 11, 13, 4], "rotation": 270, "texture": "#3"},
				"west": {"uv": [9, 7, 11, 9], "rotation": 270, "texture": "#3"},
				"up": {"uv": [11, 11, 13, 4], "rotation": 270, "texture": "#3"},
				"down": {"uv": [11, 11, 13, 4], "rotation": 270, "texture": "#3"}
			}
		},
		{
			"from": [10.5, 9, 4.01149],
			"to": [17.5, 11, 6.01149],
			"rotation": {"angle": 0, "axis": "y", "origin": [8, 10, 8.25]},
			"faces": {
				"north": {"uv": [11, 11, 13, 4], "rotation": 270, "texture": "#3"},
				"east": {"uv": [11, 4, 13, 6], "rotation": 90, "texture": "#3"},
				"south": {"uv": [11, 11, 13, 4], "rotation": 90, "texture": "#3"},
				"up": {"uv": [11, 11, 13, 4], "rotation": 90, "texture": "#3"},
				"down": {"uv": [11, 11, 13, 4], "rotation": 90, "texture": "#3"}
			}
		},
		{
			"from": [-1.5, 9, 4.01149],
			"to": [5.5, 11, 6.01149],
			"rotation": {"angle": 0, "axis": "y", "origin": [8, 10, 8.25]},
			"faces": {
				"north": {"uv": [11, 11, 13, 4], "rotation": 90, "texture": "#3"},
				"south": {"uv": [11, 11, 13, 4], "rotation": 270, "texture": "#3"},
				"west": {"uv": [9, 7, 11, 9], "rotation": 270, "texture": "#3"},
				"up": {"uv": [11, 11, 13, 4], "rotation": 270, "texture": "#3"},
				"down": {"uv": [11, 11, 13, 4], "rotation": 270, "texture": "#3"}
			}
		},
		{
			"name": "WheelMid",
			"from": [5.5, 7.5, 3.03648],
			"to": [10.5, 12.5, 6.98648],
			"rotation": {"angle": -45, "axis": "z", "origin": [8, 10, 8.25]},
			"faces": {
				"north": {"uv": [5, 3, 10, 8], "rotation": 270, "texture": "#3"},
				"east": {"uv": [0, 12, 5, 16], "rotation": 270, "texture": "#3"},
				"south": {"uv": [5, 3, 10, 8], "rotation": 90, "texture": "#3"},
				"west": {"uv": [0, 12, 5, 16], "rotation": 90, "texture": "#3"},
				"up": {"uv": [0, 12, 5, 16], "rotation": 180, "texture": "#3"},
				"down": {"uv": [0, 12, 5, 16], "texture": "#3"}
			}
		},
		{
			"name": "WheelMid",
			"from": [5.5, 7.5, 11.03648],
			"to": [10.5, 12.5, 13.98648],
			"rotation": {"angle": -45, "axis": "z", "origin": [8, 10, 16.25]},
			"faces": {
				"north": {"uv": [5, 3, 10, 8], "rotation": 270, "texture": "#3"},
				"east": {"uv": [0, 12, 5, 14.95], "rotation": 270, "texture": "#3"},
				"south": {"uv": [5, 3, 10, 8], "rotation": 270, "texture": "#3"},
				"west": {"uv": [0, 12, 5, 14.95], "rotation": 90, "texture": "#3"},
				"up": {"uv": [0, 12, 5, 14.95], "rotation": 180, "texture": "#3"},
				"down": {"uv": [0, 12, 5, 14.95], "texture": "#3"}
			}
		},
		{
			"from": [3, 3, 13],
			"to": [13, 10, 15],
			"rotation": {"angle": 0, "axis": "y", "origin": [0, 0, 16]},
			"faces": {
				"north": {"uv": [10, 0, 0, 7], "texture": "#4"},
				"east": {"uv": [0, 7, 2, 14], "texture": "#4"},
				"south": {"uv": [10, 0, 0, 7], "texture": "#4"},
				"west": {"uv": [2, 7, 0, 14], "texture": "#4"},
				"up": {"uv": [0, 2, 10, 0], "texture": "#4"},
				"down": {"uv": [0, 1, 5, 0], "texture": "#missing"}
			}
		},
		{
			"from": [2, 0, 13],
			"to": [14, 3, 16],
			"rotation": {"angle": 0, "axis": "y", "origin": [0, 0, 17]},
			"faces": {
				"north": {"uv": [14, 11, 2, 14], "texture": "#4"},
				"east": {"uv": [0, 9, 3, 12], "texture": "#4"},
				"south": {"uv": [14, 11, 2, 14], "texture": "#4"},
				"west": {"uv": [0, 9, 3, 12], "texture": "#4"},
				"up": {"uv": [14, 8, 2, 11], "texture": "#4"},
				"down": {"uv": [14, 11, 2, 14], "texture": "#4"}
			}
		},
		{
			"from": [2, 0, 0],
			"to": [14, 3, 3],
			"rotation": {"angle": 0, "axis": "y", "origin": [0, 0, -1]},
			"faces": {
				"north": {"uv": [2, 11, 14, 14], "texture": "#4"},
				"east": {"uv": [3, 9, 0, 12], "texture": "#4"},
				"south": {"uv": [2, 11, 14, 14], "texture": "#4"},
				"west": {"uv": [3, 9, 0, 12], "texture": "#4"},
				"up": {"uv": [14, 11, 2, 8], "texture": "#4"},
				"down": {"uv": [14, 14, 2, 11], "texture": "#4"}
			}
		},
		{
			"from": [3, 3, 1],
			"to": [13, 10, 3],
			"faces": {
				"north": {"uv": [0, 0, 10, 7], "texture": "#4"},
				"east": {"uv": [2, 7, 0, 14], "texture": "#4"},
				"south": {"uv": [0, 0, 10, 7], "texture": "#4"},
				"west": {"uv": [0, 7, 2, 14], "texture": "#4"},
				"up": {"uv": [0, 0, 10, 2], "texture": "#4"},
				"down": {"uv": [0, 0, 5, 1], "texture": "#missing"}
			}
		},
		{
			"name": "rope",
			"from": [9, 1, 7],
			"to": [11, 9, 9],
			"rotation": {"angle": 0, "axis": "y", "origin": [8.75, 0, 7]},
			"faces": {
				"north": {"uv": [0, 7, 2, 15], "texture": "#5"},
				"east": {"uv": [0, 7, 2, 15], "texture": "#5"},
				"south": {"uv": [0, 7, 2, 15], "texture": "#5"},
				"west": {"uv": [0, 7, 2, 15], "texture": "#5"},
				"up": {"uv": [0, 0, 2, 2], "rotation": 90, "texture": "#5"},
				"down": {"uv": [0, 0, 2, 2], "texture": "#5"}
			}
		},
		{
			"name": "rope",
			"from": [4.5, 0, 10.5],
			"to": [7.5, 1, 13.5],
			"rotation": {"angle": 0, "axis": "y", "origin": [4.75, 0, 11]},
			"faces": {
				"north": {"uv": [3, 1, 6, 0], "texture": "#2"},
				"east": {"uv": [3, 1, 6, 0], "texture": "#2"},
				"south": {"uv": [3, 1, 6, 0], "texture": "#2"},
				"west": {"uv": [3, 1, 6, 0], "texture": "#2"},
				"up": {"uv": [3, 0, 6, 3], "rotation": 90, "texture": "#2"},
				"down": {"uv": [4, 1, 7, 4], "texture": "#2"}
			}
		},
		{
			"name": "rope",
			"from": [8.5, 0, 6.5],
			"to": [11.5, 1, 9.5],
			"rotation": {"angle": 0, "axis": "y", "origin": [8.75, 0, 7]},
			"faces": {
				"north": {"uv": [3, 1, 6, 0], "texture": "#2"},
				"east": {"uv": [3, 1, 6, 0], "texture": "#2"},
				"south": {"uv": [3, 1, 6, 0], "texture": "#2"},
				"west": {"uv": [3, 1, 6, 0], "texture": "#2"},
				"up": {"uv": [3, 0, 6, 3], "rotation": 90, "texture": "#2"},
				"down": {"uv": [4, 1, 7, 4], "texture": "#2"}
			}
		},
		{
			"name": "rope",
			"from": [5, 1, 11],
			"to": [7, 9, 13],
			"rotation": {"angle": 0, "axis": "y", "origin": [4.75, 0, 11]},
			"faces": {
				"north": {"uv": [0, 7, 2, 15], "texture": "#5"},
				"east": {"uv": [0, 7, 2, 15], "texture": "#5"},
				"south": {"uv": [0, 7, 2, 15], "texture": "#5"},
				"west": {"uv": [0, 7, 2, 15], "texture": "#5"},
				"up": {"uv": [0, 0, 2, 2], "rotation": 90, "texture": "#5"},
				"down": {"uv": [0, 0, 2, 2], "texture": "#5"}
			}
		}
	],
	"display": {
		"thirdperson_righthand": {
			"rotation": [75, 45, 0],
			"translation": [0, 2.5, 0],
			"scale": [0.375, 0.375, 0.375]
		},
		"thirdperson_lefthand": {
			"rotation": [75, 45, 0],
			"translation": [0, 2.5, 0],
			"scale": [0.375, 0.375, 0.375]
		},
		"firstperson_righthand": {
			"rotation": [0, 45, 0],
			"scale": [0.4, 0.4, 0.4]
		},
		"firstperson_lefthand": {
			"rotation": [0, 225, 0],
			"scale": [0.4, 0.4, 0.4]
		},
		"ground": {
			"translation": [0, 3, 0],
			"scale": [0.25, 0.25, 0.25]
		},
		"gui": {
			"rotation": [30, 225, 0],
			"scale": [0.625, 0.625, 0.625]
		},
		"head": {
			"translation": [0, 8.5, -2.25]
		},
		"fixed": {
			"scale": [0.5, 0.5, 0.5]
		}
	},
	"groups": [
		{
			"name": "group",
			"origin": [4.75, 0, 11],
			"color": 0,
			"children": []
		},
		{
			"name": "group",
			"origin": [8, 8, 8],
			"color": 0,
			"children": [
				{
					"name": "group",
					"origin": [8, 8, -10],
					"color": 0,
					"children": [0, 1, 2]
				},
				{
					"name": "group",
					"origin": [8, 10, 5],
					"color": 0,
					"children": [3, 4, 5, 6, 7, 8, 9, 10, 11, 12, 13, 14, 15, 16, 17, 18, 19, 20, 21, 22]
				}
			]
		},
		{
			"name": "group",
			"origin": [4.75, 0, 11],
			"color": 0,
			"children": [23, 24, 25, 26, 27, 28, 29, 30]
		}
	]
}